{
	"__comment": "Designed by Smittieking with Cubik Studio - https://cubik.studio",
	"textures": {
		"particle": "blocks/e_particle",
		"texture": "block/redstone_dust_line0"
	},
	"elements": [ 	 
		{
			"__comment": "Box1",
			"from": [ 6, 0, -0.5 ],
			"to": [ 10, 0.001, 16.5 ],
			"faces": {
				"down": { "uv": [ 6, 0, 10, 16 ], "texture": "#texture" },
				"up": { "uv": [ 6, 0, 10, 16 ], "texture": "#texture" },
				"north": { "uv": [ 6, 15.999, 10, 16 ], "texture": "#texture" },
				"south": { "uv": [ 6, 15.999, 10, 16 ], "texture": "#texture" },
				"west": { "uv": [ 0, 15.999, 16, 16 ], "texture": "#texture" },
				"east": { "uv": [ 0, 15.999, 16, 16 ], "texture": "#texture" }
			}
		}
	]
}